dateTime,timestamp,latitudeCoordinate,longitudeCoordinate,latitude,latitudeDirection,longitude,longitudeDirection,gpsQuality,numberOfSatellites,HorizontalDilution,altitude,altitudeUnits,undulation,undulationUnits,age,stationID
2020-03-09 00:03:53.037935,05:03:53,32.8543375,-96.67422416666668,3251.26025,N,09640.45345,W,1,06,1.57,190.8,M,-25.3,M,,
2020-03-09 00:03:56.031003,05:03:56,32.85433783333334,-96.67422366666666,3251.26027,N,09640.45342,W,1,06,1.57,191.0,M,-25.3,M,,
2020-03-09 00:03:59.031632,05:03:59,32.854336833333335,-96.67422200000001,3251.26021,N,09640.45332,W,1,06,1.57,191.5,M,-25.3,M,,
2020-03-09 00:04:02.029551,05:04:02,32.85433533333333,-96.674221,3251.26012,N,09640.45326,W,1,06,1.58,192.0,M,-25.3,M,,
2020-03-09 00:04:04.040877,05:04:04,32.854335500000005,-96.67422183333335,3251.26013,N,09640.45331,W,1,06,1.58,192.5,M,-25.3,M,,
2020-03-09 00:04:07.031093,05:04:07,32.854335500000005,-96.67422233333333,3251.26013,N,09640.45334,W,1,06,1.58,193.1,M,-25.3,M,,
2020-03-09 00:04:10.030701,05:04:10,32.854335,-96.67422266666667,3251.26010,N,09640.45336,W,1,06,1.58,193.9,M,-25.3,M,,
2020-03-09 00:04:12.033270,05:04:12,32.854332666666664,-96.67422200000001,3251.25996,N,09640.45332,W,1,06,1.58,194.3,M,-25.3,M,,
2020-03-09 00:04:15.030816,05:04:15,32.8543335,-96.6742225,3251.26001,N,09640.45335,W,1,06,1.58,193.5,M,-25.3,M,,
2020-03-09 00:04:18.034816,05:04:18,32.85433416666667,-96.67422433333334,3251.26005,N,09640.45346,W,1,06,1.58,193.0,M,-25.3,M,,
2020-03-09 00:04:21.031231,05:04:21,32.854334333333334,-96.6742255,3251.26006,N,09640.45353,W,1,06,1.58,192.6,M,-25.3,M,,
2020-03-09 00:04:23.031631,05:04:23,32.85433483333334,-96.674227,3251.26009,N,09640.45362,W,1,06,1.59,192.1,M,-25.3,M,,
2020-03-09 00:04:25.037256,05:04:25,32.85433483333334,-96.67422833333333,3251.26009,N,09640.45370,W,1,06,1.59,191.9,M,-25.3,M,,
2020-03-09 00:04:28.031660,05:04:28,32.854338999999996,-96.67423050000001,3251.26034,N,09640.45383,W,1,06,1.59,190.5,M,-25.3,M,,
2020-03-09 00:04:31.028650,05:04:31,32.854343166666666,-96.674236,3251.26059,N,09640.45416,W,1,06,1.59,189.7,M,-25.3,M,,
2020-03-09 00:04:33.030524,05:04:33,32.85434416666667,-96.6742365,3251.26065,N,09640.45419,W,1,06,1.59,189.4,M,-25.3,M,,
2020-03-09 00:04:36.033677,05:04:36,32.8543465,-96.67423766666667,3251.26079,N,09640.45426,W,1,06,1.59,188.9,M,-25.3,M,,
2020-03-09 00:04:39.032191,05:04:39,32.854346,-96.67423816666665,3251.26076,N,09640.45429,W,1,06,1.59,189.0,M,-25.3,M,,
2020-03-09 00:04:42.029747,05:04:42,32.85434883333333,-96.67424116666668,3251.26093,N,09640.45447,W,1,06,1.59,188.5,M,-25.3,M,,
2020-03-09 00:04:44.030217,05:04:44,32.854349,-96.67424133333334,3251.26094,N,09640.45448,W,1,06,1.60,188.7,M,-25.3,M,,
2020-03-09 00:04:46.031880,05:04:46,32.854351666666666,-96.67424466666668,3251.26110,N,09640.45468,W,1,06,1.60,188.4,M,-25.3,M,,
2020-03-09 00:04:49.029245,05:04:49,32.85435533333334,-96.67424983333333,3251.26132,N,09640.45499,W,1,06,1.60,188.0,M,-25.3,M,,
2020-03-09 00:04:51.030112,05:04:51,32.854355000000005,-96.67424899999999,3251.26130,N,09640.45494,W,1,06,1.60,188.4,M,-25.3,M,,
2020-03-09 00:04:53.031149,05:04:53,32.85435566666667,-96.67424933333332,3251.26134,N,09640.45496,W,1,06,1.60,188.7,M,-25.3,M,,
2020-03-09 00:04:56.030836,05:04:56,32.85435533333334,-96.67424716666667,3251.26132,N,09640.45483,W,1,06,1.60,189.1,M,-25.3,M,,
2020-03-09 00:04:59.035151,05:04:59,32.85435616666667,-96.67424766666666,3251.26137,N,09640.45486,W,1,06,1.60,189.5,M,-25.3,M,,
2020-03-09 00:05:02.031010,05:05:02,32.8543565,-96.67424700000001,3251.26139,N,09640.45482,W,1,06,1.60,190.1,M,-25.3,M,,
2020-03-09 00:05:04.038840,05:05:04,32.85435766666667,-96.67424783333333,3251.26146,N,09640.45487,W,1,06,1.61,190.1,M,-25.3,M,,
2020-03-09 00:05:07.031115,05:05:07,32.8543605,-96.67425133333333,3251.26163,N,09640.45508,W,1,06,1.61,189.5,M,-25.3,M,,
2020-03-09 00:13:36.036213,05:13:36,32.854392,-96.67429750000001,3251.26352,N,09640.45785,W,2,07,1.80,179.2,M,-25.3,M,,0000
2020-03-09 00:13:39.031062,05:13:39,32.8543955,-96.67429466666665,3251.26373,N,09640.45768,W,2,07,1.80,178.5,M,-25.3,M,,0000
2020-03-09 00:13:42.032226,05:13:42,32.85439733333333,-96.67429433333334,3251.26384,N,09640.45766,W,2,07,1.80,178.7,M,-25.3,M,,0000
2020-03-09 00:13:45.030220,05:13:45,32.854395,-96.67429249999999,3251.26370,N,09640.45755,W,2,07,1.80,179.6,M,-25.3,M,,0000
2020-03-09 00:13:47.031356,05:13:47,32.8543955,-96.67429166666668,3251.26373,N,09640.45750,W,2,07,1.80,179.5,M,-25.3,M,,0000
2020-03-09 00:13:50.033567,05:13:50,32.85439516666667,-96.67429183333334,3251.26371,N,09640.45751,W,2,07,1.81,179.6,M,-25.3,M,,0000
2020-03-09 00:13:53.033477,05:13:53,32.8543925,-96.67429133333331,3251.26355,N,09640.45748,W,2,07,1.81,180.8,M,-25.3,M,,0000
2020-03-09 00:13:56.036027,05:13:56,32.854394,-96.67429050000001,3251.26364,N,09640.45743,W,2,07,1.81,181.0,M,-25.3,M,,0000
2020-03-09 00:13:59.030768,05:13:59,32.85439183333334,-96.6742885,3251.26351,N,09640.45731,W,2,07,1.81,181.9,M,-25.3,M,,0000
2020-03-09 00:14:02.030024,05:14:02,32.85439133333333,-96.67428833333334,3251.26348,N,09640.45730,W,2,07,1.81,182.4,M,-25.3,M,,0000
2020-03-09 00:14:04.039993,05:14:04,32.85439133333333,-96.67428816666667,3251.26348,N,09640.45729,W,2,07,1.81,182.7,M,-25.3,M,,0000
2020-03-09 00:14:07.031869,05:14:07,32.8543915,-96.67428783333335,3251.26349,N,09640.45727,W,2,07,1.81,182.4,M,-25.3,M,,0000
2020-03-09 00:14:10.029809,05:14:10,32.8543905,-96.67428883333332,3251.26343,N,09640.45733,W,2,07,1.82,182.8,M,-25.3,M,,0000
2020-03-09 00:14:13.029948,05:14:13,32.85439133333333,-96.67428883333332,3251.26348,N,09640.45733,W,2,07,1.82,182.7,M,-25.3,M,,0000
2020-03-09 00:14:16.029004,05:14:16,32.85439066666667,-96.67428783333335,3251.26344,N,09640.45727,W,2,07,1.82,183.0,M,-25.3,M,,0000
2020-03-09 00:14:18.030017,05:14:18,32.85439016666667,-96.67428783333335,3251.26341,N,09640.45727,W,2,07,1.82,183.1,M,-25.3,M,,0000
2020-03-09 00:14:21.028722,05:14:21,32.854392,-96.67428883333332,3251.26352,N,09640.45733,W,2,06,1.86,182.8,M,-25.3,M,,0000
2020-03-09 00:14:24.031917,05:14:24,32.8543955,-96.67428933333333,3251.26373,N,09640.45736,W,2,07,1.82,181.8,M,-25.3,M,,0000
2020-03-09 00:14:27.030059,05:14:27,32.8544015,-96.67429050000001,3251.26409,N,09640.45743,W,2,07,1.82,179.7,M,-25.3,M,,0000
2020-03-09 00:14:30.025750,05:14:30,32.854406000000004,-96.67429216666666,3251.26436,N,09640.45753,W,1,07,1.82,177.9,M,-25.3,M,,
2020-03-09 00:14:32.031752,05:14:32,32.854403833333336,-96.67429133333331,3251.26423,N,09640.45748,W,1,08,0.99,178.8,M,-25.3,M,,
2020-03-09 00:14:35.031725,05:14:35,32.854403166666664,-96.67429083333333,3251.26419,N,09640.45745,W,1,08,0.99,179.1,M,-25.3,M,,
2020-03-09 00:14:38.029725,05:14:38,32.85440083333334,-96.67428933333333,3251.26405,N,09640.45736,W,1,08,0.99,179.9,M,-25.3,M,,
2020-03-09 00:14:40.032556,05:14:40,32.8543985,-96.67428833333334,3251.26391,N,09640.45730,W,1,08,0.99,180.7,M,-25.3,M,,
2020-03-09 00:14:43.032057,05:14:43,32.8543965,-96.67428749999999,3251.26379,N,09640.45725,W,1,08,0.99,181.5,M,-25.3,M,,
2020-03-09 00:14:46.031030,05:14:46,32.85439316666667,-96.67428566666668,3251.26359,N,09640.45714,W,1,08,0.99,182.3,M,-25.3,M,,
2020-03-09 00:14:49.029418,05:14:49,32.85439083333333,-96.67428399999999,3251.26345,N,09640.45704,W,1,08,0.99,183.3,M,-25.3,M,,
2020-03-09 00:14:52.028469,05:14:52,32.85439083333333,-96.67428433333335,3251.26345,N,09640.45706,W,1,07,1.06,183.5,M,-25.3,M,,
2020-03-09 00:14:55.029894,05:14:55,32.8543915,-96.67428466666667,3251.26349,N,09640.45708,W,1,07,1.06,183.4,M,-25.3,M,,
2020-03-09 00:14:57.030843,05:14:57,32.854390333333335,-96.6742835,3251.26342,N,09640.45701,W,1,08,0.99,184.0,M,-25.3,M,,
2020-03-09 00:15:00.029167,05:15:00,32.854387333333335,-96.67428066666668,3251.26324,N,09640.45684,W,1,07,1.06,185.3,M,-25.3,M,,
2020-03-09 00:15:03.029545,05:15:03,32.854384833333334,-96.67427799999999,3251.26309,N,09640.45668,W,1,07,1.06,186.2,M,-25.3,M,,
2020-03-09 00:15:05.033791,05:15:05,32.85438466666667,-96.67427783333332,3251.26308,N,09640.45667,W,1,08,0.99,186.6,M,-25.3,M,,
2020-03-09 00:15:08.029821,05:15:08,32.85438316666667,-96.67427633333334,3251.26299,N,09640.45658,W,1,08,1.06,187.6,M,-25.3,M,,
2020-03-09 00:15:11.031741,05:15:11,32.85438283333334,-96.67427533333333,3251.26297,N,09640.45652,W,2,08,0.99,187.7,M,-25.3,M,,0000
2020-03-09 00:15:14.031180,05:15:14,32.85437916666667,-96.6742715,3251.26275,N,09640.45629,W,2,08,0.99,189.0,M,-25.3,M,,0000
2020-03-09 00:15:17.030810,05:15:17,32.854377666666664,-96.67427049999999,3251.26266,N,09640.45623,W,2,08,0.99,188.8,M,-25.3,M,,0000
2020-03-09 00:15:20.030723,05:15:20,32.854375499999996,-96.67426983333334,3251.26253,N,09640.45619,W,2,08,0.99,189.0,M,-25.3,M,,0000
2020-03-09 00:15:23.032410,05:15:23,32.85437233333334,-96.67426750000001,3251.26234,N,09640.45605,W,2,08,0.99,190.0,M,-25.3,M,,0000
2020-03-09 00:15:26.029250,05:15:26,32.85437116666667,-96.67426583333332,3251.26227,N,09640.45595,W,2,08,0.99,190.8,M,-25.3,M,,0000
2020-03-09 00:15:29.029962,05:15:29,32.85437533333334,-96.67426849999998,3251.26252,N,09640.45611,W,1,08,0.99,188.7,M,-25.3,M,,
2020-03-09 00:15:32.026056,05:15:32,32.854381,-96.67427333333332,3251.26286,N,09640.45640,W,1,08,0.99,186.8,M,-25.3,M,,
2020-03-09 00:15:34.030421,05:15:34,32.85437983333334,-96.67427266666667,3251.26279,N,09640.45636,W,1,08,0.99,188.0,M,-25.3,M,,
2020-03-09 00:15:36.034699,05:15:36,32.85438283333334,-96.67427449999998,3251.26297,N,09640.45647,W,1,08,0.99,187.6,M,-25.3,M,,
2020-03-09 00:15:39.026924,05:15:39,32.85438116666667,-96.67427266666667,3251.26287,N,09640.45636,W,2,08,0.99,189.2,M,-25.3,M,,0000
2020-03-09 00:15:41.029679,05:15:41,32.85438016666667,-96.67427199999999,3251.26281,N,09640.45632,W,2,08,0.99,189.6,M,-25.3,M,,0000
2020-03-09 00:15:44.026387,05:15:44,32.854381333333336,-96.67427383333333,3251.26288,N,09640.45643,W,2,07,1.86,190.3,M,-25.3,M,,0000
2020-03-09 00:15:46.027287,05:15:46,32.85438083333334,-96.67427183333332,3251.26285,N,09640.45631,W,2,07,1.86,191.6,M,-25.3,M,,0000
2020-03-09 00:15:49.027371,05:15:49,32.85438083333334,-96.67426983333334,3251.26285,N,09640.45619,W,2,07,1.86,194.2,M,-25.3,M,,0000
2020-03-09 00:15:52.026334,05:15:52,32.85438516666667,-96.67427016666667,3251.26311,N,09640.45621,W,2,07,1.86,195.7,M,-25.3,M,,0000
2020-03-09 00:15:54.029248,05:15:54,32.8543885,-96.67427183333332,3251.26331,N,09640.45631,W,2,07,1.86,196.5,M,-25.3,M,,0000
2020-03-09 00:15:57.027596,05:15:57,32.85437133333333,-96.67426133333332,3251.26228,N,09640.45568,W,2,07,1.86,197.9,M,-25.3,M,,0000
2020-03-09 00:15:59.030973,05:15:59,32.854364333333336,-96.67425566666667,3251.26186,N,09640.45534,W,2,07,1.86,198.4,M,-25.3,M,,0000
2020-03-09 00:16:02.027876,05:16:02,32.854349666666664,-96.67424616666668,3251.26098,N,09640.45477,W,2,07,1.86,199.1,M,-25.3,M,,0000
2020-03-09 00:16:04.036060,05:16:04,32.8543485,-96.67424449999999,3251.26091,N,09640.45467,W,2,07,1.86,199.2,M,-25.3,M,,0000
2020-03-09 00:16:07.028890,05:16:07,32.85435233333333,-96.67424566666665,3251.26114,N,09640.45474,W,2,07,1.86,199.7,M,-25.3,M,,0000
2020-03-09 00:16:09.031868,05:16:09,32.854352999999996,-96.67424683333333,3251.26118,N,09640.45481,W,2,07,1.86,199.4,M,-25.3,M,,0000
2020-03-09 00:16:12.026412,05:16:12,32.854352166666665,-96.67424683333333,3251.26113,N,09640.45481,W,2,07,1.87,198.9,M,-25.3,M,,0000
2020-03-09 00:16:15.027166,05:16:15,32.8543525,-96.67424899999999,3251.26115,N,09640.45494,W,2,07,1.87,198.5,M,-25.3,M,,0000
2020-03-09 00:16:18.027787,05:16:18,32.854357,-96.67425216666668,3251.26142,N,09640.45513,W,2,07,1.87,197.0,M,-25.3,M,,0000
2020-03-09 00:16:21.027306,05:16:21,32.85435866666667,-96.67425466666667,3251.26152,N,09640.45528,W,2,07,1.87,195.6,M,-25.3,M,,0000
2020-03-09 00:16:24.025720,05:16:24,32.854353833333334,-96.67425233333333,3251.26123,N,09640.45514,W,2,06,1.90,196.1,M,-25.3,M,,0000
2020-03-09 00:16:27.026624,05:16:27,32.85435366666666,-96.67425216666668,3251.26122,N,09640.45513,W,2,06,1.90,195.8,M,-25.3,M,,0000
2020-03-09 00:16:30.024463,05:16:30,32.854356333333335,-96.67425383333332,3251.26138,N,09640.45523,W,2,07,1.87,195.2,M,-25.3,M,,0000
2020-03-09 00:16:32.027581,05:16:32,32.854358166666664,-96.67425466666667,3251.26149,N,09640.45528,W,2,07,1.87,194.9,M,-25.3,M,,0000
2020-03-09 00:16:35.026281,05:16:35,32.854367499999995,-96.67425900000002,3251.26205,N,09640.45554,W,2,07,1.87,193.8,M,-25.3,M,,0000
2020-03-09 00:16:38.026808,05:16:38,32.85437,-96.6742585,3251.26220,N,09640.45551,W,2,07,1.87,194.1,M,-25.3,M,,0000
2020-03-09 00:16:41.026525,05:16:41,32.854373333333335,-96.67425883333333,3251.26240,N,09640.45553,W,2,07,1.87,194.1,M,-25.3,M,,0000
2020-03-09 00:16:44.026905,05:16:44,32.854377500000005,-96.67426083333334,3251.26265,N,09640.45565,W,2,07,1.88,194.0,M,-25.3,M,,0000
2020-03-09 00:16:47.026595,05:16:47,32.85438383333334,-96.67426400000001,3251.26303,N,09640.45584,W,1,07,1.88,193.5,M,-25.3,M,,
2020-03-09 00:16:50.024205,05:16:50,32.854383500000004,-96.67426249999998,3251.26301,N,09640.45575,W,1,07,1.88,193.7,M,-25.3,M,,
2020-03-09 00:16:53.025556,05:16:53,32.85438316666667,-96.67426233333332,3251.26299,N,09640.45574,W,1,07,1.88,193.2,M,-25.3,M,,
2020-03-09 00:16:55.026257,05:16:55,32.854381,-96.67426099999999,3251.26286,N,09640.45566,W,1,07,1.88,193.5,M,-25.3,M,,
2020-03-09 00:16:58.026538,05:16:58,32.85438,-96.6742605,3251.26280,N,09640.45563,W,1,07,1.88,194.2,M,-25.3,M,,
2020-03-09 00:17:01.024261,05:17:01,32.854380666666664,-96.67426133333332,3251.26284,N,09640.45568,W,1,07,1.88,194.5,M,-25.3,M,,
2020-03-09 00:17:04.035034,05:17:04,32.8543785,-96.67426116666665,3251.26271,N,09640.45567,W,1,06,1.91,194.3,M,-25.3,M,,
2020-03-09 00:17:07.024105,05:17:07,32.854376,-96.67426016666668,3251.26256,N,09640.45561,W,1,06,1.91,194.8,M,-25.3,M,,
2020-03-09 00:17:09.024847,05:17:09,32.8543745,-96.67426066666667,3251.26247,N,09640.45564,W,1,07,1.88,195.5,M,-25.3,M,,
2020-03-09 00:17:11.025981,05:17:11,32.85437483333333,-96.67426166666668,3251.26249,N,09640.45570,W,1,07,1.88,196.0,M,-25.3,M,,
2020-03-09 00:17:13.028338,05:17:13,32.854373499999994,-96.67426150000001,3251.26241,N,09640.45569,W,1,07,1.88,196.8,M,-25.3,M,,
2020-03-09 00:17:16.023376,05:17:16,32.854374,-96.67426383333334,3251.26244,N,09640.45583,W,1,07,1.88,196.2,M,-25.3,M,,
2020-03-09 00:17:18.024272,05:17:18,32.854372166666664,-96.67426400000001,3251.26233,N,09640.45584,W,1,07,1.88,195.7,M,-25.3,M,,
2020-03-09 00:17:21.022263,05:17:21,32.85437183333333,-96.67426416666667,3251.26231,N,09640.45585,W,1,06,1.91,195.3,M,-25.3,M,,
2020-03-09 00:17:24.025942,05:17:24,32.854373333333335,-96.67426500000002,3251.26240,N,09640.45590,W,1,06,1.91,195.4,M,-25.3,M,,
2020-03-09 00:17:27.024329,05:17:27,32.85437966666667,-96.67426966666666,3251.26278,N,09640.45618,W,1,07,1.89,194.9,M,-25.3,M,,
2020-03-09 00:17:30.024630,05:17:30,32.8543815,-96.67427100000002,3251.26289,N,09640.45626,W,1,07,1.89,195.1,M,-25.3,M,,
2020-03-09 00:17:33.025905,05:17:33,32.85438033333333,-96.67426933333333,3251.26282,N,09640.45616,W,1,07,1.89,194.9,M,-25.3,M,,
2020-03-09 00:17:36.027247,05:17:36,32.854382,-96.67426916666666,3251.26292,N,09640.45615,W,1,07,1.89,194.3,M,-25.3,M,,
2020-03-09 00:17:39.024920,05:17:39,32.854383500000004,-96.67427033333334,3251.26301,N,09640.45622,W,1,08,0.99,193.6,M,-25.3,M,,
2020-03-09 00:17:41.028169,05:17:41,32.854386,-96.67427266666667,3251.26316,N,09640.45636,W,1,08,0.99,192.5,M,-25.3,M,,
2020-03-09 00:17:44.027120,05:17:44,32.854383,-96.67427016666667,3251.26298,N,09640.45621,W,1,08,0.99,192.9,M,-25.3,M,,
2020-03-09 00:17:47.028085,05:17:47,32.85438083333334,-96.67426783333333,3251.26285,N,09640.45607,W,1,08,0.99,192.5,M,-25.3,M,,
2020-03-09 00:17:50.025095,05:17:50,32.854380666666664,-96.674267,3251.26284,N,09640.45602,W,1,08,0.99,191.7,M,-25.3,M,,
2020-03-09 00:17:53.028008,05:17:53,32.8543815,-96.67426750000001,3251.26289,N,09640.45605,W,1,08,0.99,191.6,M,-25.3,M,,
2020-03-09 00:17:56.026857,05:17:56,32.85438083333334,-96.67426683333333,3251.26285,N,09640.45601,W,1,08,0.99,191.7,M,-25.3,M,,
2020-03-09 00:17:59.026635,05:17:59,32.854383999999996,-96.67426766666668,3251.26304,N,09640.45606,W,1,08,0.99,191.1,M,-25.3,M,,
2020-03-09 00:18:01.027244,05:18:01,32.854384833333334,-96.67426783333333,3251.26309,N,09640.45607,W,1,08,0.99,191.2,M,-25.3,M,,
2020-03-09 00:18:04.036852,05:18:04,32.85438583333334,-96.67426783333333,3251.26315,N,09640.45607,W,1,08,0.99,191.5,M,-25.3,M,,
2020-03-09 00:18:07.028235,05:18:07,32.85438283333334,-96.67426816666666,3251.26297,N,09640.45609,W,1,08,0.99,191.9,M,-25.3,M,,
2020-03-09 00:18:10.026124,05:18:10,32.854381333333336,-96.6742695,3251.26288,N,09640.45617,W,1,08,0.99,192.3,M,-25.3,M,,
2020-03-09 00:18:13.027471,05:18:13,32.854380500000005,-96.67427116666667,3251.26283,N,09640.45627,W,1,08,0.99,192.4,M,-25.3,M,,
2020-03-09 00:18:16.030827,05:18:16,32.854381333333336,-96.67427116666667,3251.26288,N,09640.45627,W,1,08,0.99,192.4,M,-25.3,M,,
2020-03-09 00:18:19.024521,05:18:19,32.854382333333334,-96.67427133333334,3251.26294,N,09640.45628,W,1,08,0.99,192.3,M,-25.3,M,,
2020-03-09 00:18:21.030495,05:18:21,32.85438283333334,-96.67427100000002,3251.26297,N,09640.45626,W,1,08,0.99,192.3,M,-25.3,M,,
2020-03-09 00:18:24.027832,05:18:24,32.85438466666667,-96.67427049999999,3251.26308,N,09640.45623,W,1,08,0.99,191.9,M,-25.3,M,,
2020-03-09 00:18:27.028184,05:18:27,32.85438516666667,-96.67427083333332,3251.26311,N,09640.45625,W,1,08,0.99,192.0,M,-25.3,M,,
2020-03-09 00:18:30.026108,05:18:30,32.85438316666667,-96.674273,3251.26299,N,09640.45638,W,1,08,0.99,192.4,M,-25.3,M,,
2020-03-09 00:18:32.036700,05:18:32,32.8543825,-96.67427283333333,3251.26295,N,09640.45637,W,1,08,0.99,192.8,M,-25.3,M,,
2020-03-09 00:18:35.027830,05:18:35,32.854382333333334,-96.67427266666667,3251.26294,N,09640.45636,W,1,08,0.99,192.7,M,-25.3,M,,
2020-03-09 00:18:38.027619,05:18:38,32.854383,-96.67427183333332,3251.26298,N,09640.45631,W,1,08,0.99,192.8,M,-25.3,M,,
2020-03-09 00:18:41.026723,05:18:41,32.85438516666667,-96.67427283333333,3251.26311,N,09640.45637,W,1,08,0.99,192.6,M,-25.3,M,,
2020-03-09 00:18:43.031724,05:18:43,32.854387333333335,-96.67427183333332,3251.26324,N,09640.45631,W,1,08,0.99,191.9,M,-25.3,M,,
2020-03-09 00:18:46.026132,05:18:46,32.85439066666667,-96.67427283333333,3251.26344,N,09640.45637,W,1,08,0.99,191.0,M,-25.3,M,,
2020-03-09 00:18:49.028786,05:18:49,32.8543925,-96.67427266666667,3251.26355,N,09640.45636,W,1,08,0.99,190.7,M,-25.3,M,,
2020-03-09 00:18:52.027306,05:18:52,32.85439433333333,-96.67427516666666,3251.26366,N,09640.45651,W,1,08,0.99,190.2,M,-25.3,M,,
2020-03-09 00:18:55.027088,05:18:55,32.8543965,-96.67427799999999,3251.26379,N,09640.45668,W,1,08,0.99,189.6,M,-25.3,M,,
2020-03-09 00:18:58.026044,05:18:58,32.854398999999994,-96.6742785,3251.26394,N,09640.45671,W,1,08,0.99,189.2,M,-25.3,M,,
2020-03-09 00:19:01.027508,05:19:01,32.85439783333334,-96.67427799999999,3251.26387,N,09640.45668,W,1,08,0.99,189.1,M,-25.3,M,,
2020-03-09 00:19:04.036217,05:19:04,32.8543985,-96.67428066666668,3251.26391,N,09640.45684,W,1,08,0.99,188.8,M,-25.3,M,,
2020-03-09 00:19:07.026075,05:19:07,32.854398999999994,-96.674282,3251.26394,N,09640.45692,W,1,07,1.11,188.7,M,-25.3,M,,
2020-03-09 00:19:10.027704,05:19:10,32.8543995,-96.67427916666665,3251.26397,N,09640.45675,W,1,08,0.99,188.4,M,-25.3,M,,
2020-03-09 00:19:13.032844,05:19:13,32.854397999999996,-96.67427916666665,3251.26388,N,09640.45675,W,1,08,0.99,188.7,M,-25.3,M,,
2020-03-09 00:19:16.030253,05:19:16,32.854400166666665,-96.674279,3251.26401,N,09640.45674,W,1,08,0.99,187.6,M,-25.3,M,,
2020-03-09 00:19:19.028313,05:19:19,32.8543995,-96.67427783333332,3251.26397,N,09640.45667,W,1,08,0.99,187.1,M,-25.3,M,,
2020-03-09 00:19:22.025365,05:19:22,32.854397166666665,-96.67427799999999,3251.26383,N,09640.45668,W,1,07,1.90,187.1,M,-25.3,M,,
2020-03-09 00:19:25.029577,05:19:25,32.85439683333333,-96.6742755,3251.26381,N,09640.45653,W,1,07,1.90,186.8,M,-25.3,M,,
2020-03-09 00:19:28.025589,05:19:28,32.854392833333335,-96.67427500000001,3251.26357,N,09640.45650,W,1,07,1.90,187.4,M,-25.3,M,,
2020-03-09 00:19:31.027412,05:19:31,32.854393333333334,-96.67427500000001,3251.26360,N,09640.45650,W,1,07,1.90,187.7,M,-25.3,M,,
2020-03-09 00:19:34.025381,05:19:34,32.85439433333333,-96.67427,3251.26366,N,09640.45620,W,1,07,1.90,187.2,M,-25.3,M,,
2020-03-09 00:19:37.024136,05:19:37,32.85439833333333,-96.67426566666667,3251.26390,N,09640.45594,W,1,07,1.90,185.9,M,-25.3,M,,
2020-03-09 00:19:40.025379,05:19:40,32.854400000000005,-96.67426283333334,3251.26400,N,09640.45577,W,1,07,1.90,185.8,M,-25.3,M,,
2020-03-09 00:19:43.024107,05:19:43,32.85440116666667,-96.67426166666668,3251.26407,N,09640.45570,W,1,07,1.90,185.7,M,-25.3,M,,
2020-03-09 00:19:46.021146,05:19:46,32.85439866666666,-96.67426216666667,3251.26392,N,09640.45573,W,1,07,1.90,186.5,M,-25.3,M,,
2020-03-09 00:19:48.025357,05:19:48,32.854395,-96.67426150000001,3251.26370,N,09640.45569,W,1,07,1.90,187.4,M,-25.3,M,,
2020-03-09 00:19:51.033525,05:19:51,32.85439216666667,-96.674262,3251.26353,N,09640.45572,W,1,07,1.90,188.5,M,-25.3,M,,
2020-03-09 00:19:54.023919,05:19:54,32.8543905,-96.67426150000001,3251.26343,N,09640.45569,W,1,07,1.90,188.9,M,-25.3,M,,
2020-03-09 00:19:56.031033,05:19:56,32.854388166666666,-96.6742595,3251.26329,N,09640.45557,W,1,07,1.90,189.4,M,-25.3,M,,
2020-03-09 00:19:59.023968,05:19:59,32.854391,-96.67425933333334,3251.26346,N,09640.45556,W,1,07,1.90,188.7,M,-25.3,M,,
2020-03-09 00:20:02.023589,05:20:02,32.854395,-96.67426133333332,3251.26370,N,09640.45568,W,1,07,1.90,187.8,M,-25.3,M,,
2020-03-09 00:20:04.029874,05:20:04,32.854396666666666,-96.67425966666666,3251.26380,N,09640.45558,W,1,07,1.90,187.0,M,-25.3,M,,
2020-03-09 00:20:07.024866,05:20:07,32.854401333333335,-96.67426016666668,3251.26408,N,09640.45561,W,1,07,1.90,185.5,M,-25.3,M,,
2020-03-09 00:20:10.029613,05:20:10,32.854408,-96.67425999999999,3251.26448,N,09640.45560,W,1,07,1.90,183.0,M,-25.3,M,,
2020-03-09 00:20:13.023203,05:20:13,32.85440666666667,-96.67425900000002,3251.26440,N,09640.45554,W,1,06,2.14,183.5,M,-25.3,M,,
2020-03-09 00:20:16.024523,05:20:16,32.854412499999995,-96.67426083333334,3251.26475,N,09640.45565,W,1,06,2.15,181.8,M,-25.3,M,,
2020-03-09 00:20:19.023670,05:20:19,32.854417166666664,-96.67426400000001,3251.26503,N,09640.45584,W,1,06,2.15,179.8,M,-25.3,M,,
2020-03-09 00:20:22.024450,05:20:22,32.85441983333333,-96.67426750000001,3251.26519,N,09640.45605,W,1,07,1.90,178.7,M,-25.3,M,,
2020-03-09 00:20:25.028923,05:20:25,32.85442833333333,-96.67427216666668,3251.26570,N,09640.45633,W,1,07,1.90,175.3,M,-25.3,M,,
2020-03-09 00:20:28.026826,05:20:28,32.85443466666666,-96.67428049999998,3251.26608,N,09640.45683,W,1,07,1.90,173.4,M,-25.3,M,,
2020-03-09 00:20:31.030936,05:20:31,32.854434999999995,-96.67428516666665,3251.26610,N,09640.45711,W,1,08,0.99,173.4,M,-25.3,M,,
2020-03-09 00:20:34.025450,05:20:34,32.854436,-96.67428883333332,3251.26616,N,09640.45733,W,1,08,0.99,172.9,M,-25.3,M,,
2020-03-09 00:20:36.026074,05:20:36,32.854432833333334,-96.67428649999998,3251.26597,N,09640.45719,W,1,08,0.99,173.9,M,-25.3,M,,
2020-03-09 00:20:39.023548,05:20:39,32.854434833333336,-96.67428883333332,3251.26609,N,09640.45733,W,1,07,1.11,173.8,M,-25.3,M,,
2020-03-09 00:20:42.023847,05:20:42,32.854431999999996,-96.674287,3251.26592,N,09640.45722,W,1,07,1.11,174.9,M,-25.3,M,,
2020-03-09 00:20:45.021542,05:20:45,32.8544325,-96.67428733333333,3251.26595,N,09640.45724,W,1,06,2.03,175.3,M,-25.3,M,,
2020-03-09 00:20:47.022903,05:20:47,32.8544295,-96.67428399999999,3251.26577,N,09640.45704,W,1,07,1.11,176.2,M,-25.3,M,,
2020-03-09 00:20:49.024323,05:20:49,32.854426,-96.67428016666666,3251.26556,N,09640.45681,W,1,07,1.11,177.1,M,-25.3,M,,
2020-03-09 00:20:52.023799,05:20:52,32.854423833333335,-96.67427700000002,3251.26543,N,09640.45662,W,1,07,1.11,177.8,M,-25.3,M,,
2020-03-09 00:20:55.021621,05:20:55,32.85442316666667,-96.67427683333332,3251.26539,N,09640.45661,W,1,07,1.11,178.0,M,-25.3,M,,
2020-03-09 00:20:57.026629,05:20:57,32.85442116666666,-96.674274,3251.26527,N,09640.45644,W,1,07,1.11,178.8,M,-25.3,M,,
2020-03-09 00:21:00.025943,05:21:00,32.85441866666667,-96.67427183333332,3251.26512,N,09640.45631,W,1,07,1.11,179.6,M,-25.3,M,,
2020-03-09 00:21:02.028014,05:21:02,32.85441633333333,-96.67426933333333,3251.26498,N,09640.45616,W,1,07,1.11,180.4,M,-25.3,M,,
2020-03-09 00:21:04.035435,05:21:04,32.85441466666667,-96.67426983333334,3251.26488,N,09640.45619,W,1,08,0.99,180.6,M,-25.3,M,,
2020-03-09 00:21:07.027495,05:21:07,32.85441433333334,-96.6742655,3251.26486,N,09640.45593,W,1,08,0.99,181.8,M,-25.3,M,,
2020-03-09 00:21:10.026287,05:21:10,32.854413,-96.67426466666666,3251.26478,N,09640.45588,W,1,08,0.99,182.7,M,-25.3,M,,
2020-03-09 00:21:12.027405,05:21:12,32.854412,-96.67426466666666,3251.26472,N,09640.45588,W,1,08,0.99,183.0,M,-25.3,M,,
2020-03-09 00:21:15.028537,05:21:15,32.8544105,-96.67426449999999,3251.26463,N,09640.45587,W,1,08,0.99,183.5,M,-25.3,M,,
2020-03-09 00:21:40.027633,05:21:40,32.85442833333333,-96.67428283333332,3251.26570,N,09640.45697,W,1,07,1.05,177.9,M,-25.3,M,,
2020-03-09 00:21:43.025746,05:21:43,32.8544305,-96.67428366666667,3251.26583,N,09640.45702,W,1,07,1.05,177.5,M,-25.3,M,,
2020-03-09 00:21:46.022187,05:21:46,32.854439166666666,-96.67429050000001,3251.26635,N,09640.45743,W,1,07,1.05,176.8,M,-25.3,M,,
2020-03-09 00:21:49.022479,05:21:49,32.85444483333333,-96.67429349999999,3251.26669,N,09640.45761,W,1,07,1.05,175.8,M,-25.3,M,,
2020-03-09 00:21:52.022867,05:21:52,32.85444466666667,-96.67429349999999,3251.26668,N,09640.45761,W,1,07,1.05,175.7,M,-25.3,M,,
2020-03-09 00:21:55.024707,05:21:55,32.854443833333335,-96.67429216666666,3251.26663,N,09640.45753,W,1,07,1.05,176.2,M,-25.3,M,,
2020-03-09 00:21:58.022223,05:21:58,32.854440999999994,-96.6742895,3251.26646,N,09640.45737,W,1,07,1.05,176.5,M,-25.3,M,,
2020-03-09 00:22:01.025659,05:22:01,32.854437833333336,-96.67428633333333,3251.26627,N,09640.45718,W,1,08,1.05,176.9,M,-25.3,M,,
2020-03-09 00:22:04.024610,05:22:04,32.85443383333333,-96.674282,3251.26603,N,09640.45692,W,1,07,1.05,177.6,M,-25.3,M,,
2020-03-09 00:22:07.023207,05:22:07,32.85443016666667,-96.67428016666666,3251.26581,N,09640.45681,W,1,08,0.99,177.7,M,-25.3,M,,
2020-03-09 00:22:09.024514,05:22:09,32.854425666666664,-96.67427583333334,3251.26554,N,09640.45655,W,1,08,0.99,178.6,M,-25.3,M,,
2020-03-09 00:22:12.024293,05:22:12,32.854434,-96.67427466666668,3251.26604,N,09640.45648,W,1,08,0.99,177.9,M,-25.3,M,,
2020-03-09 00:22:15.021328,05:22:15,32.854439,-96.67427633333334,3251.26634,N,09640.45658,W,1,07,1.89,176.9,M,-25.3,M,,
2020-03-09 00:22:18.024152,05:22:18,32.85444566666667,-96.67427983333333,3251.26674,N,09640.45679,W,1,07,1.89,175.1,M,-25.3,M,,
2020-03-09 00:22:20.025572,05:22:20,32.854448000000005,-96.674282,3251.26688,N,09640.45692,W,1,08,0.99,174.2,M,-25.3,M,,
2020-03-09 00:22:23.025014,05:22:23,32.85444666666667,-96.67428149999999,3251.26680,N,09640.45689,W,1,08,0.99,173.8,M,-25.3,M,,
2020-03-09 00:22:26.024743,05:22:26,32.854446833333334,-96.67428166666666,3251.26681,N,09640.45690,W,1,08,0.99,173.3,M,-25.3,M,,
2020-03-09 00:22:29.024078,05:22:29,32.85443983333333,-96.67428100000001,3251.26639,N,09640.45686,W,1,07,1.11,173.5,M,-25.3,M,,
2020-03-09 00:22:32.025784,05:22:32,32.854437,-96.67428033333333,3251.26622,N,09640.45682,W,1,08,0.99,174.2,M,-25.3,M,,
2020-03-09 00:22:35.023240,05:22:35,32.85443083333333,-96.67427683333332,3251.26585,N,09640.45661,W,1,07,1.05,175.5,M,-25.3,M,,
2020-03-09 00:22:37.025410,05:22:37,32.854428500000004,-96.67427566666666,3251.26571,N,09640.45654,W,1,08,0.99,176.2,M,-25.3,M,,
2020-03-09 00:22:40.023303,05:22:40,32.85442483333334,-96.67427350000001,3251.26549,N,09640.45641,W,1,08,0.99,176.7,M,-25.3,M,,
2020-03-09 00:22:43.017971,05:22:43,32.85442083333333,-96.67426750000001,3251.26525,N,09640.45605,W,1,07,1.05,177.9,M,-25.3,M,,
2020-03-09 00:22:45.024853,05:22:45,32.854417,-96.67426383333334,3251.26502,N,09640.45583,W,1,08,0.99,178.9,M,-25.3,M,,
2020-03-09 00:22:48.020953,05:22:48,32.85441333333333,-96.67426066666667,3251.26480,N,09640.45564,W,1,07,1.05,180.0,M,-25.3,M,,
2020-03-09 00:22:51.022174,05:22:51,32.85441166666667,-96.67425833333333,3251.26470,N,09640.45550,W,1,07,1.05,180.7,M,-25.3,M,,
2020-03-09 00:22:54.018117,05:22:54,32.854408166666666,-96.67425366666666,3251.26449,N,09640.45522,W,1,07,1.05,182.0,M,-25.3,M,,
2020-03-09 00:22:56.024380,05:22:56,32.8544085,-96.6742525,3251.26451,N,09640.45515,W,1,08,0.99,182.1,M,-25.3,M,,
2020-03-09 00:22:59.027993,05:22:59,32.8544085,-96.67425116666666,3251.26451,N,09640.45507,W,1,08,0.99,182.6,M,-25.3,M,,
2020-03-09 00:23:02.025824,05:23:02,32.854411,-96.67424966666667,3251.26466,N,09640.45498,W,1,08,0.99,182.6,M,-25.3,M,,
2020-03-09 00:23:05.020049,05:23:05,32.854410666666666,-96.67424583333334,3251.26464,N,09640.45475,W,1,08,0.99,183.3,M,-25.3,M,,
2020-03-09 00:23:07.020912,05:23:07,32.8544085,-96.67424299999999,3251.26451,N,09640.45458,W,1,08,0.99,184.0,M,-25.3,M,,
2020-03-09 00:23:09.022820,05:23:09,32.854410333333334,-96.67424416666667,3251.26462,N,09640.45465,W,1,08,0.99,183.6,M,-25.3,M,,
2020-03-09 00:23:12.018080,05:23:12,32.85441333333333,-96.67424899999999,3251.26480,N,09640.45494,W,1,08,0.99,182.8,M,-25.3,M,,
2020-03-09 00:23:14.024008,05:23:14,32.85441316666667,-96.67425133333333,3251.26479,N,09640.45508,W,1,08,0.99,182.7,M,-25.3,M,,
2020-03-09 00:23:17.022608,05:23:17,32.854411,-96.67425183333334,3251.26466,N,09640.45511,W,1,08,0.99,183.2,M,-25.3,M,,
2020-03-09 00:23:20.023771,05:23:20,32.85441083333333,-96.67425433333334,3251.26465,N,09640.45526,W,1,08,0.99,183.1,M,-25.3,M,,
2020-03-09 00:23:23.014703,05:23:23,32.8544115,-96.67425800000001,3251.26469,N,09640.45548,W,1,07,1.11,182.6,M,-25.3,M,,
2020-03-09 00:23:25.018804,05:23:25,32.854409499999996,-96.67425916666667,3251.26457,N,09640.45555,W,1,07,1.11,183.0,M,-25.3,M,,
2020-03-09 00:23:28.019539,05:23:28,32.85440883333333,-96.67426066666667,3251.26453,N,09640.45564,W,1,07,1.11,182.8,M,-25.3,M,,
2020-03-09 00:23:30.021805,05:23:30,32.8544105,-96.67426449999999,3251.26463,N,09640.45587,W,1,07,1.11,182.0,M,-25.3,M,,
2020-03-09 00:23:33.021849,05:23:33,32.85441216666666,-96.67426849999998,3251.26473,N,09640.45611,W,1,08,0.99,181.3,M,-25.3,M,,
2020-03-09 00:23:36.024079,05:23:36,32.854414,-96.67427483333334,3251.26484,N,09640.45649,W,1,08,0.99,180.1,M,-25.3,M,,
2020-03-09 00:23:39.021843,05:23:39,32.85441566666667,-96.67428,3251.26494,N,09640.45680,W,1,08,0.99,179.2,M,-25.3,M,,
2020-03-09 00:23:42.020678,05:23:42,32.854415833333334,-96.67428533333332,3251.26495,N,09640.45712,W,1,08,0.99,178.7,M,-25.3,M,,
2020-03-09 00:23:45.018392,05:23:45,32.85441766666667,-96.67429033333335,3251.26506,N,09640.45742,W,1,08,0.99,178.0,M,-25.3,M,,
2020-03-09 00:23:47.022898,05:23:47,32.85441816666666,-96.67429233333333,3251.26509,N,09640.45754,W,1,08,0.99,177.8,M,-25.3,M,,
2020-03-09 00:23:50.021371,05:23:50,32.854420499999996,-96.67429349999999,3251.26523,N,09640.45761,W,1,08,0.99,177.4,M,-25.3,M,,
2020-03-09 00:23:53.023114,05:23:53,32.85442216666667,-96.67429366666666,3251.26533,N,09640.45762,W,1,08,0.99,177.3,M,-25.3,M,,
2020-03-09 00:23:56.021741,05:23:56,32.854425,-96.674294,3251.26550,N,09640.45764,W,1,08,0.99,176.7,M,-25.3,M,,
2020-03-09 00:23:59.023742,05:23:59,32.854425,-96.67429249999999,3251.26550,N,09640.45755,W,1,08,0.99,177.0,M,-25.3,M,,
2020-03-09 00:24:02.021611,05:24:02,32.854427333333334,-96.674294,3251.26564,N,09640.45764,W,1,08,0.99,176.5,M,-25.3,M,,
2020-03-09 00:24:05.021456,05:24:05,32.85442883333334,-96.67429166666668,3251.26573,N,09640.45750,W,1,08,0.99,176.5,M,-25.3,M,,
2020-03-09 00:24:08.019808,05:24:08,32.854431,-96.67429216666666,3251.26586,N,09640.45753,W,1,08,0.99,176.0,M,-25.3,M,,
2020-03-09 00:24:11.020029,05:24:11,32.854430666666666,-96.67429033333335,3251.26584,N,09640.45742,W,1,08,0.99,176.1,M,-25.3,M,,
2020-03-09 00:24:14.019269,05:24:14,32.854428500000004,-96.67428683333334,3251.26571,N,09640.45721,W,1,08,0.99,177.2,M,-25.3,M,,
2020-03-09 00:24:16.020047,05:24:16,32.8544275,-96.674287,3251.26565,N,09640.45722,W,1,08,0.99,177.7,M,-25.3,M,,
2020-03-09 00:24:19.021293,05:24:19,32.8544245,-96.67428483333333,3251.26547,N,09640.45709,W,1,08,0.99,179.0,M,-25.3,M,,
2020-03-09 00:24:22.021374,05:24:22,32.854422,-96.67428183333335,3251.26532,N,09640.45691,W,1,08,0.99,179.9,M,-25.3,M,,
2020-03-09 00:24:24.038527,05:24:24,32.85442233333333,-96.67428116666666,3251.26534,N,09640.45687,W,1,08,0.99,179.7,M,-25.3,M,,
2020-03-09 00:24:27.023885,05:24:27,32.8544245,-96.67428300000002,3251.26547,N,09640.45698,W,1,08,0.99,178.7,M,-25.3,M,,
2020-03-09 00:24:30.024369,05:24:30,32.854426333333336,-96.67428533333332,3251.26558,N,09640.45712,W,1,08,0.99,177.2,M,-25.3,M,,
2020-03-09 00:24:33.019614,05:24:33,32.85442966666667,-96.67428666666667,3251.26578,N,09640.45720,W,1,07,1.85,175.6,M,-25.3,M,,
2020-03-09 00:24:35.025248,05:24:35,32.85443116666667,-96.67428616666666,3251.26587,N,09640.45717,W,1,08,0.99,175.1,M,-25.3,M,,
2020-03-09 00:24:38.022787,05:24:38,32.85442966666667,-96.67428300000002,3251.26578,N,09640.45698,W,1,08,0.99,175.8,M,-25.3,M,,
2020-03-09 00:24:41.021516,05:24:41,32.85442816666667,-96.67428216666667,3251.26569,N,09640.45693,W,1,08,0.99,176.1,M,-25.3,M,,
2020-03-09 00:24:44.020482,05:24:44,32.854430666666666,-96.67428333333334,3251.26584,N,09640.45700,W,1,08,0.99,176.4,M,-25.3,M,,
2020-03-09 00:24:47.021365,05:24:47,32.85443083333333,-96.67428316666668,3251.26585,N,09640.45699,W,1,08,0.99,176.4,M,-25.3,M,,
2020-03-09 00:24:50.018354,05:24:50,32.854428,-96.67428149999999,3251.26568,N,09640.45689,W,1,08,0.99,177.2,M,-25.3,M,,
2020-03-09 00:24:53.020493,05:24:53,32.85442183333334,-96.67427433333333,3251.26531,N,09640.45646,W,1,08,0.99,178.6,M,-25.3,M,,
2020-03-09 00:24:56.018992,05:24:56,32.854419166666666,-96.67427233333335,3251.26515,N,09640.45634,W,1,08,0.99,179.5,M,-25.3,M,,
2020-03-09 00:24:58.020568,05:24:58,32.854415499999995,-96.67427033333334,3251.26493,N,09640.45622,W,1,08,0.99,180.4,M,-25.3,M,,
2020-03-09 00:25:01.022014,05:25:01,32.8544175,-96.67428083333334,3251.26505,N,09640.45685,W,1,08,0.99,180.9,M,-25.3,M,,
2020-03-09 00:25:04.024698,05:25:04,32.85441483333333,-96.67428316666668,3251.26489,N,09640.45699,W,1,08,0.99,182.0,M,-25.3,M,,
2020-03-09 00:25:07.022837,05:25:07,32.85441466666667,-96.67428450000001,3251.26488,N,09640.45707,W,1,08,0.99,182.6,M,-25.3,M,,
2020-03-09 00:25:10.019533,05:25:10,32.854413666666666,-96.67428533333332,3251.26482,N,09640.45712,W,1,08,0.99,183.0,M,-25.3,M,,
2020-03-09 00:25:13.022252,05:25:13,32.854414,-96.674287,3251.26484,N,09640.45722,W,1,08,0.99,183.0,M,-25.3,M,,
2020-03-09 00:25:16.022517,05:25:16,32.85441433333334,-96.67428883333332,3251.26486,N,09640.45733,W,1,08,0.99,183.3,M,-25.3,M,,
2020-03-09 00:25:19.019556,05:25:19,32.8544135,-96.67428933333333,3251.26481,N,09640.45736,W,1,08,0.99,183.6,M,-25.3,M,,
2020-03-09 00:25:21.027279,05:25:21,32.854414166666665,-96.67428866666665,3251.26485,N,09640.45732,W,1,08,0.99,183.4,M,-25.3,M,,
2020-03-09 00:25:24.039088,05:25:24,32.8544115,-96.67428933333333,3251.26469,N,09640.45736,W,1,08,0.99,184.0,M,-25.3,M,,
2020-03-09 00:25:27.020751,05:25:27,32.854412333333336,-96.67428900000002,3251.26474,N,09640.45734,W,1,08,0.99,183.4,M,-25.3,M,,
2020-03-09 00:25:30.016661,05:25:30,32.854417166666664,-96.67429566666667,3251.26503,N,09640.45774,W,1,08,0.99,180.6,M,-25.3,M,,
